Id	LotFrontage	LotArea	Street	Neighborhood	YearBuilt	YearRemodAdd	CentralAir	PavedDrive	SaleCondition	SalePrice
1000	64	6762	Pave	CollgCr	2006	2006	Y	Y	Normal	206000
1001	74	10206	Pave	Edwards	1952	1952	N	Y	Normal	82000
1002	60	5400	Pave	OldTown	1920	1950	Y	N	Abnorml	86000
1003	75	11957	Pave	Somerst	2006	2006	Y	Y	Normal	232000
1004	NA	11500	Pave	NWAmes	1976	1976	Y	Y	Normal	136905
1005	43	3182	Pave	Blmngtn	2005	2006	Y	Y	Normal	181000
1006	65	8385	Pave	CollgCr	1977	1977	Y	Y	Normal	149900
1007	NA	12155	Pave	NAmes	1970	1970	Y	Y	Normal	163500
1008	21	2217	Pave	MeadowV	1970	1970	Y	Y	Normal	88000
1009	43	12118	Pave	Mitchel	2004	2005	Y	Y	Normal	240000
1010	60	6000	Pave	SWISU	1926	1950	Y	P	Normal	102000
1011	115	21286	Pave	Sawyer	1948	1950	Y	Y	Normal	135000
1012	75	9825	Pave	Edwards	1965	1965	N	Y	Normal	100000
1013	55	10592	Pave	Crawfor	1923	1996	Y	Y	Normal	165000
1014	60	7200	Pave	OldTown	1910	2006	N	Y	Normal	85000
1015	60	11664	Pave	NAmes	1948	1950	Y	Y	Normal	119200
1016	70	8400	Pave	NWAmes	2001	2001	Y	Y	Normal	227000
1017	73	11883	Pave	CollgCr	1996	1996	Y	Y	Normal	203000
1018	NA	5814	Pave	StoneBr	1984	1984	Y	Y	Abnorml	187500
1019	NA	10784	Pave	Gilbert	1991	1992	Y	Y	Normal	160000
1020	43	3013	Pave	Blmngtn	2005	2005	Y	Y	Normal	213490
1021	60	7024	Pave	Edwards	2005	2005	Y	Y	Normal	176000
1022	64	7406	Pave	CollgCr	2006	2006	Y	Y	Partial	194000
1023	52	9439	Pave	OldTown	1930	1950	Y	Y	Normal	87000
1024	43	3182	Pave	Blmngtn	2005	2006	Y	Y	Normal	191000
1025	NA	15498	Pave	Timber	1976	1976	Y	Y	Abnorml	287000
1026	70	7700	Pave	CollgCr	1972	1972	Y	Y	Normal	112500
1027	73	9300	Pave	NAmes	1960	1960	Y	Y	Normal	167500
1028	71	9520	Pave	Timber	2007	2008	Y	Y	Partial	293077
1029	79	9492	Pave	NAmes	1941	1950	Y	Y	Normal	105000
1030	21	1680	Pave	BrDale	1972	1972	Y	Y	Normal	118000
1031	NA	7082	Pave	SWISU	1916	1995	Y	N	Normal	160000
1032	102	15863	Pave	SWISU	1920	1970	Y	Y	Normal	197000
1033	NA	14541	Pave	NoRidge	1993	1993	Y	Y	Abnorml	310000
1034	NA	8125	Pave	CollgCr	2002	2002	Y	Y	Normal	230000
1035	50	6305	Pave	Crawfor	1938	1950	Y	Y	Normal	119750
1036	NA	11500	Pave	Edwards	1957	1957	N	N	Normal	84000
1037	89	12898	Pave	Timber	2007	2008	Y	Y	Normal	315500
1038	NA	9240	Pave	CollgCr	2001	2002	Y	Y	Normal	287000
1039	21	1533	Pave	MeadowV	1970	2008	Y	Y	Normal	97000
1040	21	1477	Pave	MeadowV	1970	1970	Y	Y	Normal	80000
1041	88	13125	Pave	Sawyer	1957	2000	Y	Y	Normal	155000
1042	NA	9130	Pave	NWAmes	1966	2000	Y	Y	Normal	173000
1043	34	5381	Pave	NridgHt	2005	2005	Y	Y	Normal	196000
1044	86	11839	Pave	SawyerW	1990	1990	Y	Y	Normal	262280
1045	80	9600	Pave	NWAmes	1981	1981	Y	Y	Normal	278000
1046	NA	13680	Pave	Edwards	1955	1955	Y	Y	Normal	139600
1047	85	16056	Pave	StoneBr	2005	2006	Y	Y	Partial	556581
1048	57	9245	Pave	CollgCr	1994	1995	Y	Y	Normal	145000
1049	100	21750	Pave	Mitchel	1960	2006	Y	Y	Normal	115000
1050	60	11100	Pave	Edwards	1946	2006	Y	Y	Abnorml	84900
1051	73	8993	Pave	Gilbert	2007	2007	Y	Y	Partial	176485
1052	103	11175	Pave	CollgCr	2007	2007	Y	Y	Partial	200141
1053	100	9500	Pave	NAmes	1964	1978	Y	Y	Normal	165000
1054	68	8562	Pave	Edwards	1957	2002	Y	Y	Normal	144500
1055	90	11367	Pave	CollgCr	2002	2002	Y	Y	Normal	255000
1056	104	11361	Pave	NWAmes	1976	1976	Y	Y	Abnorml	180000
1057	43	7052	Pave	NridgHt	2005	2005	Y	Y	Normal	185850
1058	NA	29959	Pave	NoRidge	1994	1994	Y	Y	Normal	248000
1059	96	11308	Pave	NridgHt	2008	2008	Y	Y	Normal	335000
1060	NA	11275	Pave	Crawfor	1932	1950	Y	Y	Normal	220000
1061	41	4920	Pave	StoneBr	2001	2001	Y	Y	Normal	213500
1062	120	18000	Grvl	IDOTRR	1935	1950	Y	Y	Normal	81000
1063	85	13600	Pave	OldTown	1900	1950	N	Y	Normal	90000
1064	50	6000	Pave	OldTown	1925	1980	Y	Y	Normal	110500
1065	NA	11000	Pave	NAmes	1966	1966	Y	Y	Normal	154000
1066	80	14000	Pave	ClearCr	1996	1997	Y	Y	Normal	328000
1067	59	7837	Pave	Gilbert	1993	1994	Y	Y	Normal	178000
1068	80	9760	Pave	NAmes	1964	1964	Y	Y	Normal	167900
1069	42	3964	Pave	MeadowV	1973	1973	Y	Y	Normal	151400
1070	60	9600	Pave	NAmes	1949	2003	Y	Y	Normal	135000
1071	72	10152	Pave	NAmes	1956	1956	Y	Y	Normal	135000
1072	78	11700	Pave	NWAmes	1968	1968	Y	Y	Normal	154000
1073	50	7585	Pave	Edwards	1948	1950	Y	P	Normal	91500
1074	75	7950	Pave	Edwards	1977	1977	Y	Y	Normal	159500
1075	74	8556	Pave	CollgCr	2006	2006	Y	Y	Normal	194000
1076	75	13125	Pave	Crawfor	1940	1984	Y	Y	Normal	219500
1077	60	10800	Pave	OldTown	1936	1989	Y	Y	Normal	170000
1078	NA	15870	Pave	NAmes	1969	1969	Y	Y	Abnorml	138800
1079	37	4435	Pave	CollgCr	2004	2004	Y	Y	Normal	155900
1080	65	8775	Pave	CollgCr	1994	1994	Y	Y	Normal	126000
1081	80	11040	Pave	NWAmes	1971	2004	Y	Y	Abnorml	145000
1082	75	7500	Pave	Sawyer	1963	1963	Y	Y	Normal	133000
1083	70	8749	Pave	CollgCr	2002	2002	Y	Y	Normal	192000
1084	80	8800	Pave	NAmes	1964	1964	Y	Y	Normal	160000
1085	NA	13031	Pave	Gilbert	1995	1996	Y	Y	Normal	187500
1086	73	9069	Pave	SawyerW	1992	1992	Y	Y	Normal	147000
1087	NA	1974	Pave	MeadowV	1973	1973	Y	Y	Normal	83500
1088	85	10574	Pave	Somerst	2005	2006	Y	Y	Normal	252000
1089	24	2522	Pave	Edwards	2004	2004	Y	Y	Normal	137500
1090	37	3316	Pave	Somerst	2005	2005	Y	Y	Normal	197000
1091	60	8544	Pave	NAmes	1950	1950	N	Y	Normal	92900
1092	24	2160	Pave	Somerst	1999	2000	Y	Y	Normal	160000
1093	60	8400	Pave	SWISU	1925	1950	Y	Y	Normal	136500
1094	71	9230	Pave	NAmes	1965	1998	Y	Y	Normal	146000
1095	74	5868	Pave	NAmes	1956	2000	Y	Y	Normal	129000
1096	78	9317	Pave	CollgCr	2006	2006	Y	Y	Normal	176432
1097	60	6882	Pave	IDOTRR	1914	2006	Y	Y	Normal	127000
1098	NA	3696	Pave	StoneBr	1986	1986	Y	Y	Normal	170000
1099	50	6000	Pave	BrkSide	1936	1950	Y	Y	Normal	128000
1100	82	11880	Pave	NWAmes	1978	1978	Y	Y	Abnorml	157000
1101	60	8400	Pave	SWISU	1920	1950	N	N	Normal	60000
1102	61	9758	Pave	NAmes	1971	1971	Y	Y	Normal	119500
1103	70	7000	Pave	NAmes	1960	2002	Y	Y	Family	135000
1104	79	8910	Pave	NAmes	1959	1959	Y	Y	Normal	159500
1105	24	2016	Pave	BrDale	1970	1970	Y	Y	Normal	106000
1106	98	12256	Pave	NoRidge	1994	1995	Y	Y	Normal	325000
1107	114	10357	Pave	SawyerW	1990	1991	Y	Y	Normal	179900
1108	168	23257	Pave	Gilbert	2006	2006	Y	Y	Partial	274725
1109	NA	8063	Pave	Gilbert	2000	2000	Y	Y	Abnorml	181000
1110	107	11362	Pave	NridgHt	2004	2005	Y	Y	Normal	280000
1111	NA	8000	Pave	Gilbert	1995	1996	Y	Y	Normal	188000
1112	80	10480	Pave	NWAmes	1976	1976	Y	Y	Normal	205000
1113	73	7100	Pave	NAmes	1957	1957	Y	Y	Normal	129900
1114	66	8923	Pave	NAmes	1953	2006	Y	Y	Normal	134500
1115	90	5400	Pave	OldTown	1954	2000	Y	Y	Normal	117000
1116	93	12085	Pave	NridgHt	2007	2007	Y	Y	Partial	318000
1117	NA	7750	Pave	Gilbert	2002	2002	Y	Y	Normal	184100
1118	57	9764	Pave	Sawyer	1967	2003	Y	Y	Normal	130000
1119	85	13825	Pave	Sawyer	1958	1987	Y	Y	Normal	140000
1120	70	7560	Pave	NAmes	1959	1959	Y	Y	Normal	133700
1121	59	8263	Pave	IDOTRR	1920	1950	Y	Y	Normal	118400
1122	84	10084	Pave	CollgCr	2005	2006	Y	Y	Partial	212900
1123	NA	8926	Pave	Edwards	1956	1956	Y	Y	Abnorml	112000
1124	50	9405	Pave	Edwards	1947	2008	Y	Y	Normal	118000
1125	NA	9125	Pave	Gilbert	1992	1992	Y	Y	Normal	163900
1126	60	10434	Pave	NAmes	1955	1955	Y	Y	Normal	115000
1127	53	3684	Pave	Blmngtn	2007	2007	Y	Y	Normal	174000
1128	182	14572	Pave	Gilbert	2004	2004	Y	Y	Family	259000
1129	59	11796	Pave	Gilbert	2004	2005	Y	Y	Normal	215000
1130	60	7200	Pave	OldTown	1980	1980	Y	Y	Normal	140000
1131	65	7804	Pave	SWISU	1928	1950	Y	Y	Normal	135000
1132	63	10712	Pave	Mitchel	1991	1992	Y	Y	Abnorml	93500
1133	90	9900	Pave	OldTown	1880	1950	Y	N	Normal	117500
1134	80	9828	Pave	SawyerW	1995	1995	Y	Y	Normal	239500
1135	57	8773	Pave	Gilbert	1997	1997	Y	Y	Normal	169000
1136	60	6180	Pave	BrkSide	1926	1950	N	Y	Normal	102000
1137	80	9600	Pave	NAmes	1950	1950	Y	Y	Abnorml	119000
1138	54	6342	Pave	Sawyer	1875	1996	N	N	Normal	94000
1139	NA	9819	Pave	Mitchel	1977	1977	Y	Y	Normal	196000
1140	98	8731	Pave	BrkSide	1920	1950	Y	Y	Normal	144000
1141	60	7350	Pave	NAmes	1951	1951	Y	Y	Abnorml	139000
1142	NA	10304	Pave	NWAmes	1976	1976	Y	Y	Normal	197500
1143	77	9965	Pave	CollgCr	2006	2007	Y	Y	Partial	424870
1144	NA	9000	Pave	Sawyer	1959	1959	Y	Y	Normal	80000
1145	60	12180	Pave	Edwards	1941	1950	N	Y	Normal	80000
1146	52	6240	Pave	BrkSide	1928	1950	Y	Y	Family	149000
1147	NA	11200	Pave	SawyerW	1985	1985	Y	Y	Normal	180000
1148	75	12000	Pave	Crawfor	1941	1950	Y	Y	Normal	174500
1149	NA	5700	Pave	OldTown	1926	1950	Y	Y	Normal	116900
1150	50	9000	Pave	OldTown	1920	1988	Y	Y	Normal	143000
1151	57	8280	Pave	NAmes	1950	1950	Y	Y	Normal	124000
1152	134	17755	Pave	Edwards	1959	1959	Y	Y	Normal	149900
1153	90	14115	Pave	Crawfor	1956	2004	Y	Y	Abnorml	230000
1154	NA	5890	Pave	IDOTRR	1930	2007	Y	Y	Normal	120500
1155	NA	13700	Pave	NAmes	1965	1988	Y	Y	Normal	201800
1156	90	10768	Pave	Veenker	1976	2004	Y	Y	Normal	218000
1157	85	9350	Pave	NAmes	1965	1999	Y	Y	Normal	179900
1158	34	5001	Pave	NridgHt	2007	2008	Y	Y	Normal	230000
1159	92	11932	Pave	Somerst	2007	2008	Y	Y	Partial	235128
1160	76	9120	Pave	NWAmes	1974	1974	Y	Y	Normal	185000
1161	24	2280	Pave	NPkVill	1978	1978	Y	Y	Normal	146000
1162	NA	14778	Pave	Crawfor	1954	2006	Y	Y	Normal	224000
1163	109	8724	Pave	Sawyer	1968	1968	Y	Y	Normal	129000
1164	60	12900	Pave	Sawyer	1969	1969	Y	Y	Alloca	108959
1165	NA	16157	Pave	Veenker	1978	1978	Y	Y	Normal	194000
1166	79	9541	Pave	NridgHt	2009	2009	Y	Y	Partial	233170
1167	64	10475	Pave	CollgCr	2008	2008	Y	Y	Normal	245350
1168	58	10852	Pave	Gilbert	2000	2000	Y	Y	Normal	173000
1169	120	13728	Pave	Edwards	1935	1986	Y	Y	Normal	235000
1170	118	35760	Pave	NoRidge	1995	1996	Y	Y	Normal	625000
1171	76	9880	Pave	Mitchel	1977	1977	Y	Y	Normal	171000
1172	76	9120	Pave	NAmes	1958	1958	Y	Y	Normal	163000
1173	35	4017	Pave	Somerst	2006	2007	Y	Y	Normal	171900
1174	138	18030	Pave	ClearCr	1946	1994	Y	Y	Normal	200500
1175	80	16560	Pave	Crawfor	1932	1950	Y	Y	Normal	239000
1176	85	10678	Pave	NoRidge	1992	2000	Y	Y	Normal	285000
1177	37	6951	Pave	Mitchel	1984	1985	Y	Y	Normal	119500
1178	NA	3950	Pave	OldTown	1926	2004	Y	N	Normal	115000
1179	54	7681	Pave	Crawfor	1921	1950	Y	Y	Normal	154900
1180	77	8335	Pave	Edwards	1954	1954	Y	N	Normal	93000
1181	NA	11170	Pave	Timber	1990	1991	Y	Y	Normal	250000
1182	64	5587	Pave	Crawfor	2008	2008	Y	Y	Partial	392500
1183	160	15623	Pave	NoRidge	1996	1996	Y	Y	Abnorml	745000
1184	60	10800	Pave	OldTown	1920	1950	Y	Y	Normal	120000
1185	50	35133	Grvl	Timber	1963	1963	Y	Y	Normal	186700
1186	60	9738	Pave	Edwards	1924	1950	Y	Y	Normal	104900
1187	107	10615	Pave	OldTown	1900	1970	Y	Y	Abnorml	95000
1188	89	12461	Pave	NoRidge	1994	1995	Y	Y	Normal	262000
1189	68	8935	Pave	CollgCr	2002	2002	Y	Y	Normal	195000
1190	60	7500	Pave	Gilbert	1999	1999	Y	Y	Normal	189000
1191	NA	32463	Pave	Mitchel	1961	1975	Y	Y	Normal	168000
1192	24	2645	Pave	Somerst	1999	2000	Y	Y	Normal	174000
1193	60	9600	Pave	OldTown	1925	1994	Y	P	Normal	125000
1194	NA	4500	Pave	Mitchel	1999	1999	Y	Y	Normal	165000
1195	80	9364	Pave	Sawyer	1969	1969	Y	Y	Normal	158000
1196	51	8029	Pave	Gilbert	2005	2005	Y	Y	Normal	176000
1197	58	14054	Pave	Gilbert	2006	2006	Y	Y	Partial	219210
1198	65	8850	Pave	OldTown	1916	1950	Y	Y	Normal	144000
1199	70	9100	Pave	CollgCr	2001	2001	Y	Y	Normal	178000
1200	75	11235	Pave	Sawyer	1963	1979	Y	Y	Normal	148000
1201	71	9353	Pave	NAmes	1970	1970	Y	Y	Abnorml	116050
1202	80	10400	Pave	CollgCr	1998	1998	Y	Y	Normal	197900
1203	50	6000	Pave	BrkSide	1925	1997	Y	N	Normal	117000
1204	75	9750	Pave	CollgCr	2000	2001	Y	Y	Normal	213000
1205	78	10140	Pave	NWAmes	1975	1975	Y	Y	Normal	153500
1206	90	14684	Pave	SawyerW	1990	1991	Y	Y	Normal	271900
1207	NA	8900	Pave	SawyerW	1966	1966	Y	Y	Normal	107000
1208	70	9135	Pave	CollgCr	2003	2003	Y	Y	Normal	200000
1209	70	7763	Pave	NAmes	1962	1980	Y	Y	Normal	140000
1210	85	10182	Pave	Somerst	2006	2006	Y	Y	Partial	290000
1211	70	11218	Pave	SawyerW	1992	1992	Y	Y	Normal	189000
1212	152	12134	Pave	Gilbert	1988	2005	Y	Y	Normal	164000
1213	50	9340	Pave	Edwards	1941	1950	Y	N	Normal	113000
1214	NA	10246	Pave	Sawyer	1965	2001	Y	Y	Normal	145000
1215	69	10205	Pave	NAmes	1962	1962	Y	Y	Normal	134500
1216	99	7094	Pave	Sawyer	1966	1966	Y	Y	Normal	125000
1217	68	8930	Pave	Sawyer	1978	1978	Y	Y	Normal	112000
1218	72	8640	Pave	Somerst	2009	2009	Y	Y	Partial	229456
1219	52	6240	Pave	BrkSide	1947	1950	N	N	Normal	80500
1220	21	1680	Pave	BrDale	1971	1971	Y	N	Abnorml	91500
1221	66	7800	Pave	NAmes	1964	1964	Y	Y	Abnorml	115000
1222	55	8250	Pave	Sawyer	1968	1968	Y	Y	Normal	134000
1223	78	10496	Pave	NAmes	1949	1950	Y	Y	Normal	143000
1224	89	10680	Pave	NAmes	1951	1951	N	Y	Normal	137900
1225	60	15384	Pave	Gilbert	2004	2005	Y	Y	Normal	184000
1226	65	10482	Pave	NAmes	1958	1958	Y	Y	Normal	145000
1227	86	14598	Pave	Somerst	2007	2007	Y	Y	Normal	214000
1228	72	8872	Pave	NAmes	1965	2008	Y	Y	Normal	147000
1229	65	8769	Pave	NridgHt	2008	2008	Y	Y	Partial	367294
1230	70	7910	Pave	NAmes	1960	1960	Y	Y	Normal	127000
1231	NA	18890	Pave	Sawyer	1977	1977	Y	N	Normal	190000
1232	70	7728	Pave	NAmes	1962	1962	Y	Y	Normal	132500
1233	70	9842	Pave	NAmes	1962	1962	Y	Y	Normal	101800
1234	NA	12160	Pave	NAmes	1959	1959	Y	Y	Abnorml	142000
1235	55	8525	Pave	SWISU	1911	1950	N	N	Abnorml	130000
1236	96	13132	Pave	Crawfor	1914	1950	Y	N	Normal	138887
1237	36	2628	Pave	NridgHt	2003	2003	Y	Y	Normal	175500
1238	41	12393	Pave	CollgCr	2004	2005	Y	Y	Normal	195000
1239	63	13072	Pave	SawyerW	2005	2005	Y	Y	Abnorml	142500
1240	64	9037	Pave	Timber	2006	2006	Y	Y	Normal	265900
1241	65	8158	Pave	CollgCr	2003	2003	Y	Y	Normal	224900
1242	83	9849	Pave	Somerst	2007	2007	Y	Y	Partial	248328
1243	85	10625	Pave	NWAmes	1974	1974	Y	Y	Family	170000
1244	107	13891	Pave	NridgHt	2006	2006	Y	Y	Partial	465000
1245	NA	11435	Pave	Crawfor	1929	1950	Y	Y	Normal	230000
1246	78	12090	Pave	NWAmes	1984	2003	Y	Y	Abnorml	178000
1247	65	8125	Pave	Somerst	2005	2006	Y	Y	Partial	186500
1248	NA	12328	Pave	Mitchel	1976	1976	Y	Y	Normal	169900
1249	60	9600	Pave	OldTown	1917	1950	N	P	Normal	129500
1250	60	7200	Pave	NAmes	1950	1950	Y	Y	Normal	119000
1251	93	11160	Pave	NAmes	1968	1968	Y	Y	Normal	244000
1252	NA	3136	Pave	NridgHt	2003	2003	Y	Y	Normal	171750
1253	62	9858	Pave	Mitchel	1968	1968	Y	Y	Normal	130000
1254	NA	17542	Pave	Veenker	1974	2003	Y	Y	Normal	294000
1255	60	6931	Pave	Edwards	2003	2004	Y	Y	Normal	165400
1256	52	6240	Pave	BrkSide	1931	1950	Y	Y	Normal	127500
1257	91	14303	Pave	NoRidge	1994	1994	Y	Y	Normal	301500
1258	56	4060	Pave	Edwards	1922	1950	Y	Y	Normal	99900
1259	59	9587	Pave	Gilbert	2005	2005	Y	Y	Normal	190000
1260	65	9750	Pave	NAmes	1969	1969	Y	Y	Normal	151000
1261	NA	24682	Pave	Gilbert	1999	1999	Y	Y	Normal	181000
1262	80	9600	Pave	NAmes	1956	1956	Y	Y	Normal	128900
1263	NA	11250	Pave	ClearCr	1957	1989	Y	Y	Normal	161500
1264	60	13515	Pave	BrkSide	1919	1950	Y	N	Normal	180500
1265	34	4060	Pave	NAmes	1998	1999	Y	Y	Abnorml	181000
1266	35	3735	Pave	Somerst	1999	1999	Y	Y	Normal	183900
1267	60	10120	Pave	OldTown	1910	1950	N	N	Normal	122000
1268	89	13214	Pave	Timber	2008	2009	Y	Y	Normal	378500
1269	NA	14100	Pave	Crawfor	1935	1997	Y	Y	Normal	381000
1270	78	11344	Pave	NAmes	1958	1958	Y	Y	Normal	144000
1271	NA	23595	Pave	ClearCr	1979	1979	Y	Y	Normal	260000
1272	NA	9156	Pave	NWAmes	1968	1968	Y	Y	Normal	185750
1273	NA	13526	Pave	Sawyer	1965	1965	Y	Y	Normal	137000
1274	124	11512	Pave	Edwards	1959	2006	Y	Y	Normal	177000
1275	53	5362	Pave	Crawfor	1910	2003	Y	Y	Normal	139000
1276	95	11345	Pave	NAmes	1948	1950	Y	Y	Normal	137000
1277	NA	12936	Pave	NWAmes	1972	1972	Y	Y	Normal	162000
1278	NA	17871	Pave	NWAmes	1967	1976	Y	Y	Normal	197900
1279	75	9473	Pave	CollgCr	2002	2002	Y	Y	Normal	237000
1280	60	7500	Pave	IDOTRR	1920	1950	Y	Y	Abnorml	68400
1281	67	9808	Pave	CollgCr	2002	2002	Y	Y	Normal	227000
1282	50	8049	Pave	Timber	1990	1990	Y	Y	Normal	180000
1283	61	8800	Pave	CollgCr	1977	2008	Y	Y	Normal	150500
1284	94	9400	Pave	Mitchel	1971	1971	Y	Y	Normal	139000
1285	50	9638	Pave	SWISU	1919	1990	Y	Y	Normal	169000
1286	50	6000	Pave	BrkSide	1939	1950	Y	Y	Normal	132500
1287	NA	9790	Pave	NWAmes	1963	1963	Y	Y	Normal	143000
1288	NA	36500	Pave	ClearCr	1964	1964	Y	N	Normal	190000
1289	40	5664	Pave	StoneBr	2000	2000	Y	Y	Normal	278000
1290	86	11065	Pave	NridgHt	2006	2006	Y	Y	Partial	281000
1291	NA	14112	Pave	NAmes	1964	1964	Y	Y	Normal	180500
1292	21	1680	Pave	BrDale	1972	1972	Y	Y	Normal	119500
1293	60	6600	Pave	OldTown	1892	1965	N	Y	Normal	107500
1294	78	10140	Pave	NWAmes	1976	1976	Y	Y	Normal	162900
1295	60	8172	Pave	Edwards	1955	1990	Y	N	Normal	115000
1296	70	8400	Pave	NAmes	1968	1968	Y	Y	Normal	138500
1297	80	8700	Pave	NAmes	1963	1963	Y	Y	Normal	155000
1298	35	3675	Pave	Edwards	2005	2006	Y	Y	Partial	140000
1299	313	63887	Pave	Edwards	2008	2008	Y	Y	Partial	160000
1300	75	7500	Pave	NAmes	1959	1994	Y	Y	Normal	154000
1301	NA	10762	Pave	Gilbert	1999	1999	Y	Y	Normal	225000
1302	NA	7500	Pave	Crawfor	1942	1950	Y	P	Normal	177500
1303	92	10120	Pave	NoRidge	1994	1994	Y	Y	Normal	290000
1304	73	8688	Pave	Somerst	2005	2005	Y	Y	Normal	232000
1305	32	3363	Pave	Edwards	2004	2004	Y	Y	Normal	130000
1306	108	13173	Pave	NridgHt	2006	2007	Y	Y	Normal	325000
1307	48	6955	Pave	NridgHt	2005	2006	Y	Y	Partial	202500
1308	60	8072	Pave	CollgCr	1994	1995	Y	Y	Normal	138000
1309	100	12000	Pave	OldTown	1948	2005	Y	Y	Normal	147000
1310	NA	7153	Pave	SawyerW	1991	1991	Y	Y	Normal	179200
1311	100	17500	Pave	Crawfor	1959	2002	Y	Y	Normal	335000
1312	68	8814	Pave	CollgCr	2005	2007	Y	Y	Partial	203000
1313	NA	9572	Pave	NoRidge	1990	1990	Y	Y	Normal	302000
1314	108	14774	Pave	NoRidge	1999	1999	Y	Y	Normal	333168
1315	60	8190	Pave	Edwards	1954	1954	Y	Y	Normal	119000
1316	85	11075	Pave	NAmes	1969	1969	Y	Y	Normal	206900
1317	61	10226	Pave	CollgCr	2008	2008	Y	Y	Normal	295493
1318	47	4230	Pave	Somerst	2006	2007	Y	Y	Partial	208900
1319	NA	14781	Pave	CollgCr	2001	2002	Y	Y	Normal	275000
1320	75	10215	Pave	Edwards	1954	1954	Y	Y	Normal	111000
1321	70	8400	Pave	NAmes	1957	1957	Y	Y	Normal	156500
1322	NA	6627	Pave	BrkSide	1949	1950	N	Y	Normal	72500
1323	107	10186	Pave	NoRidge	1992	1992	Y	Y	Normal	190000
1324	50	5330	Pave	BrkSide	1940	1950	Y	Y	Normal	82500
1325	75	9986	Pave	Somerst	2006	2007	Y	Y	Partial	147000
1326	40	3636	Pave	IDOTRR	1922	1950	N	N	Normal	55000
1327	70	4270	Pave	Edwards	1931	2006	Y	Y	Normal	79000
1328	60	6600	Pave	Mitchel	1982	2008	Y	Y	Normal	130500
1329	60	10440	Pave	OldTown	1920	1950	Y	Y	Normal	256000
1330	63	9084	Pave	Gilbert	1998	1998	Y	Y	Normal	176500
1331	85	10000	Pave	Somerst	2006	2006	Y	Y	Normal	227000
1332	55	10780	Pave	CollgCr	1976	1976	Y	Y	Normal	132500
1333	67	8877	Pave	Edwards	1938	1958	Y	Y	Normal	100000
1334	60	7200	Pave	IDOTRR	1938	1995	Y	Y	Normal	125500
1335	24	2368	Pave	BrDale	1970	1970	Y	Y	Normal	125000
1336	80	9650	Pave	NWAmes	1977	1977	Y	Y	Normal	167900
1337	87	9246	Pave	NWAmes	1973	1973	Y	Y	Normal	135000
1338	153	4118	Pave	OldTown	1941	1950	N	N	Normal	52500
1339	95	13450	Pave	CollgCr	2002	2002	Y	Y	Normal	200000
1340	120	9560	Pave	CollgCr	1972	1972	Y	Y	Normal	128500
1341	70	8294	Pave	NAmes	1971	1971	Y	Y	Normal	123000
1342	66	13695	Pave	SawyerW	2003	2004	Y	Y	Normal	155000
1343	NA	9375	Pave	CollgCr	2002	2002	Y	Y	Normal	228500
1344	57	7558	Pave	Crawfor	1928	1950	Y	Y	Normal	177000
1345	85	11103	Pave	CollgCr	2006	2006	Y	Y	Partial	155835
1346	50	6000	Pave	OldTown	1920	1950	Y	Y	Normal	108500
1347	NA	20781	Pave	NWAmes	1968	2003	Y	Y	Normal	262500
1348	93	15306	Pave	Timber	2006	2007	Y	Y	Partial	283463
1349	NA	16196	Pave	SawyerW	1998	1998	Y	Y	Normal	215000
1350	50	5250	Pave	OldTown	1872	1987	N	Y	Normal	122000
1351	91	11643	Pave	NAmes	1969	1969	Y	Y	Normal	200000
1352	70	9247	Pave	NAmes	1962	1962	Y	Y	Normal	171000
1353	50	6000	Pave	BrkSide	1937	2000	Y	N	Normal	134900
1354	56	14720	Pave	NoRidge	1995	1996	Y	Y	Normal	410000
1355	NA	10316	Pave	CollgCr	2000	2000	Y	Y	Normal	235000
1356	102	10192	Pave	NWAmes	1968	1992	Y	Y	Normal	170000
1357	NA	9477	Pave	NAmes	1966	1966	Y	Y	Normal	110000
1358	NA	12537	Pave	NAmes	1971	2008	Y	Y	Normal	149900
1359	NA	2117	Pave	Somerst	2000	2000	Y	Y	Normal	177500
1360	129	16737	Pave	NridgHt	2004	2005	Y	Y	Normal	315000
1361	51	9842	Pave	SWISU	1921	1998	Y	Y	Normal	189000
1362	124	16158	Pave	StoneBr	2005	2005	Y	Y	Normal	260000
1363	NA	12513	Pave	NAmes	1920	2007	Y	Y	Normal	104900
1364	73	8499	Pave	Gilbert	2006	2007	Y	Y	Partial	156932
1365	30	3180	Pave	Somerst	2005	2005	Y	Y	Abnorml	144152
1366	NA	7500	Pave	Somerst	2000	2000	Y	Y	Normal	216000
1367	68	9179	Pave	CollgCr	1999	1999	Y	Y	Abnorml	193000
1368	41	2665	Pave	MeadowV	1977	1977	Y	Y	Normal	127000
1369	NA	4435	Pave	CollgCr	2003	2004	Y	Y	Normal	144000
1370	48	10635	Pave	CollgCr	2003	2003	Y	Y	Normal	232000
1371	90	5400	Pave	OldTown	1920	1950	Y	Y	Normal	105000
1372	80	9600	Pave	NAmes	1955	1996	Y	Y	Normal	165500
1373	75	9750	Pave	CollgCr	1998	1998	Y	Y	Normal	274300
1374	NA	11400	Pave	NoRidge	2001	2002	Y	Y	Normal	466500
1375	85	10625	Pave	Somerst	2005	2005	Y	Y	Normal	250000
1376	89	10991	Pave	Timber	2007	2007	Y	Y	Partial	239000
1377	52	6292	Pave	SWISU	1930	1950	N	Y	Normal	91000
1378	60	10998	Pave	Edwards	1941	1960	Y	Y	Normal	117000
1379	21	1953	Pave	BrDale	1973	1973	Y	Y	Normal	83000
1380	73	9735	Pave	Timber	2006	2007	Y	Y	Normal	167500
1381	45	8212	Pave	Edwards	1914	1950	N	Y	Normal	58500
1382	NA	12925	Pave	NAmes	1970	1970	Y	Y	Normal	237500
1383	60	7200	Pave	OldTown	1920	1950	Y	N	Normal	157000
1384	NA	25339	Pave	Sawyer	1918	2007	Y	N	Normal	112000
1385	60	9060	Pave	Edwards	1939	1950	Y	P	Normal	105000
1386	40	5436	Pave	IDOTRR	1922	2007	Y	N	Normal	125500
1387	80	16692	Pave	NWAmes	1978	1978	Y	Y	Normal	250000
1388	60	8520	Pave	OldTown	1916	1950	N	Y	Family	136000
1389	42	14892	Pave	Gilbert	2006	2007	Y	Y	Normal	377500
1390	60	6000	Pave	BrkSide	1941	1950	Y	Y	Normal	131000
1391	70	9100	Pave	CollgCr	2000	2000	Y	Y	Normal	235000
1392	65	8944	Pave	NAmes	1967	1967	Y	Y	Normal	124000
1393	68	7838	Pave	NAmes	1967	1967	Y	Y	Normal	123000
1394	60	10800	Pave	OldTown	1905	2000	N	Y	Normal	163000
1395	53	4045	Pave	Blmngtn	2006	2006	Y	Y	Partial	246578
1396	88	12665	Pave	Timber	2005	2006	Y	Y	Normal	281213
1397	NA	57200	Pave	Timber	1948	1950	Y	N	Normal	160000
1398	51	6120	Pave	BrkSide	1920	2004	Y	N	Normal	137500
1399	60	7200	Pave	NAmes	1950	1982	Y	Y	Normal	138000
1400	51	6171	Pave	SWISU	1925	1990	Y	Y	Normal	137450
1401	50	6000	Pave	BrkSide	1929	1950	Y	Y	Normal	120000
1402	62	7415	Pave	Gilbert	2004	2004	Y	Y	Normal	193000
1403	64	6762	Pave	CollgCr	2006	2006	Y	Y	Partial	193879
1404	49	15256	Pave	Somerst	2007	2007	Y	Y	Normal	282922
1405	60	10410	Pave	OldTown	1915	1950	Y	Y	Family	105000
1406	44	3842	Pave	Crawfor	2004	2005	Y	Y	Normal	275000
1407	70	8445	Pave	CollgCr	1972	2007	Y	Y	Normal	133000
1408	NA	8780	Pave	Mitchel	1985	1985	Y	Y	Normal	112000
1409	60	7740	Pave	OldTown	1910	1950	Y	Y	Normal	125500
1410	46	20544	Pave	NWAmes	1986	1991	Y	Y	Normal	215000
1411	79	12420	Pave	CollgCr	2001	2001	Y	Y	Normal	230000
1412	80	9600	Pave	NAmes	1950	2005	Y	Y	Normal	140000
1413	60	7200	Pave	NAmes	1949	1950	N	Y	Normal	90000
1414	88	10994	Pave	SawyerW	2005	2006	Y	Y	Abnorml	257000
1415	64	13053	Pave	BrkSide	1923	2000	Y	N	Normal	207000
1416	51	3635	Pave	Blmngtn	2007	2007	Y	Y	Normal	175900
1417	60	11340	Pave	OldTown	1885	1950	Y	N	Normal	122500
1418	NA	16545	Pave	NoRidge	1998	1998	Y	Y	Normal	340000
1419	71	9204	Pave	NAmes	1963	1963	Y	Y	Normal	124000
1420	NA	16381	Pave	Crawfor	1969	1969	Y	Y	Normal	223000
1421	90	11700	Pave	NWAmes	1968	1968	Y	Y	Normal	179900
1422	53	4043	Pave	NPkVill	1977	1977	Y	Y	Normal	127500
1423	37	4435	Pave	CollgCr	2003	2003	Y	Y	Normal	136500
1424	NA	19690	Pave	Edwards	1966	1966	Y	Y	Alloca	274970
1425	NA	9503	Pave	NAmes	1958	1983	Y	Y	Normal	144000
1426	80	10721	Pave	NAmes	1959	1959	Y	Y	Normal	142000
1427	81	10944	Pave	NoRidge	1994	1994	Y	Y	Normal	271000
1428	60	10930	Pave	NAmes	1945	1950	Y	Y	Normal	140000
1429	60	7200	Pave	OldTown	1940	1992	Y	Y	Abnorml	119000
1430	NA	12546	Pave	NWAmes	1981	1981	Y	Y	Normal	182900
1431	60	21930	Pave	Gilbert	2005	2005	Y	Y	Normal	192140
1432	NA	4928	Pave	NPkVill	1976	1976	Y	Y	Normal	143750
1433	60	10800	Pave	OldTown	1927	2007	Y	Y	Normal	64500
1434	93	10261	Pave	Gilbert	2000	2000	Y	Y	Normal	186500
1435	80	17400	Pave	Mitchel	1977	1977	Y	P	Normal	160000
1436	80	8400	Pave	NAmes	1962	2005	Y	Y	Abnorml	174000
1437	60	9000	Pave	NAmes	1971	1971	Y	Y	Normal	120500
1438	96	12444	Pave	NridgHt	2008	2008	Y	Y	Partial	394617
1439	90	7407	Pave	OldTown	1957	1996	Y	Y	Normal	149700
1440	80	11584	Pave	NWAmes	1979	1979	Y	Y	Normal	197000
1441	79	11526	Pave	Crawfor	1922	1994	Y	Y	Normal	191000
1442	NA	4426	Pave	CollgCr	2004	2004	Y	Y	Normal	149300
1443	85	11003	Pave	Somerst	2008	2008	Y	Y	Normal	310000
1444	NA	8854	Pave	BrkSide	1916	1950	N	P	Normal	121000
1445	63	8500	Pave	CollgCr	2004	2004	Y	Y	Normal	179600
1446	70	8400	Pave	Sawyer	1966	1966	Y	Y	Normal	129000
1447	NA	26142	Pave	Mitchel	1962	1962	Y	P	Normal	157900
1448	80	10000	Pave	CollgCr	1995	1996	Y	Y	Normal	240000
1449	70	11767	Pave	Edwards	1910	2000	N	Y	Normal	112000
1450	21	1533	Pave	MeadowV	1970	1970	Y	Y	Abnorml	92000
1451	60	9000	Pave	NAmes	1974	1974	Y	Y	Normal	136000
1452	78	9262	Pave	Somerst	2008	2009	Y	Y	Partial	287090
1453	35	3675	Pave	Edwards	2005	2005	Y	Y	Normal	145000
1454	90	17217	Pave	Mitchel	2006	2006	Y	Y	Abnorml	84500
1455	62	7500	Pave	Somerst	2004	2005	Y	Y	Normal	185000
1456	62	7917	Pave	Gilbert	1999	2000	Y	Y	Normal	175000
1457	85	13175	Pave	NWAmes	1978	1988	Y	Y	Normal	210000
1458	66	9042	Pave	Crawfor	1941	2006	Y	Y	Normal	266500
1459	68	9717	Pave	NAmes	1950	1996	Y	Y	Normal	142125
1460	75	9937	Pave	Edwards	1965	1965	Y	Y	Normal	147500